policy,tau,K,M,lockout_hours,n_patients,n_sepsis,n_nonsepsis,sepsis_detected,sepsis_detection_rate,nonsepsis_alerted,nonsepsis_alert_rate,alerts_total,alerts_per_100_patient_hours,lead_time_median,lead_time_mean,lead_ge_1_rate,lead_ge_3_rate,lead_ge_6_rate,policy_name
B_persistence,0.005,2,4,6,493,39,454,37,0.9487179487179487,5,0.011013215859030838,415,2.167667798380778,64.0,68.51351351351352,0.9487179487179487,0.8974358974358975,0.8461538461538461,B_2of4
B_persistence,0.006551724137931035,2,4,6,493,39,454,37,0.9487179487179487,5,0.011013215859030838,415,2.167667798380778,64.0,68.51351351351352,0.9487179487179487,0.8974358974358975,0.8461538461538461,B_2of4
B_persistence,0.008103448275862069,2,4,6,493,39,454,37,0.9487179487179487,5,0.011013215859030838,415,2.167667798380778,64.0,68.51351351351352,0.9487179487179487,0.8974358974358975,0.8461538461538461,B_2of4
B_persistence,0.009655172413793104,2,4,6,493,39,454,37,0.9487179487179487,5,0.011013215859030838,415,2.167667798380778,64.0,68.51351351351352,0.9487179487179487,0.8974358974358975,0.8461538461538461,B_2of4
B_persistence,0.01120689655172414,2,4,6,493,39,454,37,0.9487179487179487,5,0.011013215859030838,415,2.167667798380778,64.0,68.51351351351352,0.9487179487179487,0.8974358974358975,0.8461538461538461,B_2of4
B_persistence,0.012758620689655173,2,4,6,493,39,454,37,0.9487179487179487,5,0.011013215859030838,415,2.167667798380778,64.0,68.51351351351352,0.9487179487179487,0.8974358974358975,0.8461538461538461,B_2of4
B_persistence,0.014310344827586207,2,4,6,493,39,454,37,0.9487179487179487,5,0.011013215859030838,415,2.167667798380778,64.0,68.51351351351352,0.9487179487179487,0.8974358974358975,0.8461538461538461,B_2of4
B_persistence,0.015862068965517243,2,4,6,493,39,454,37,0.9487179487179487,5,0.011013215859030838,415,2.167667798380778,64.0,68.51351351351352,0.9487179487179487,0.8974358974358975,0.8461538461538461,B_2of4
B_persistence,0.017413793103448278,2,4,6,493,39,454,37,0.9487179487179487,5,0.011013215859030838,415,2.167667798380778,64.0,68.51351351351352,0.9487179487179487,0.8974358974358975,0.8461538461538461,B_2of4
B_persistence,0.018965517241379314,2,4,6,493,39,454,37,0.9487179487179487,5,0.011013215859030838,415,2.167667798380778,64.0,68.51351351351352,0.9487179487179487,0.8974358974358975,0.8461538461538461,B_2of4
B_persistence,0.020517241379310346,2,4,6,493,39,454,37,0.9487179487179487,5,0.011013215859030838,415,2.167667798380778,64.0,68.51351351351352,0.9487179487179487,0.8974358974358975,0.8461538461538461,B_2of4
B_persistence,0.02206896551724138,2,4,6,493,39,454,37,0.9487179487179487,5,0.011013215859030838,415,2.167667798380778,64.0,68.51351351351352,0.9487179487179487,0.8974358974358975,0.8461538461538461,B_2of4
B_persistence,0.023620689655172417,2,4,6,493,39,454,37,0.9487179487179487,5,0.011013215859030838,415,2.167667798380778,64.0,68.51351351351352,0.9487179487179487,0.8974358974358975,0.8461538461538461,B_2of4
B_persistence,0.025172413793103452,2,4,6,493,39,454,37,0.9487179487179487,5,0.011013215859030838,415,2.167667798380778,64.0,68.51351351351352,0.9487179487179487,0.8974358974358975,0.8461538461538461,B_2of4
B_persistence,0.026724137931034484,2,4,6,493,39,454,37,0.9487179487179487,5,0.011013215859030838,415,2.167667798380778,64.0,68.51351351351352,0.9487179487179487,0.8974358974358975,0.8461538461538461,B_2of4
B_persistence,0.02827586206896552,2,4,6,493,39,454,37,0.9487179487179487,5,0.011013215859030838,415,2.167667798380778,64.0,68.51351351351352,0.9487179487179487,0.8974358974358975,0.8461538461538461,B_2of4
B_persistence,0.029827586206896555,2,4,6,493,39,454,37,0.9487179487179487,5,0.011013215859030838,415,2.167667798380778,64.0,68.51351351351352,0.9487179487179487,0.8974358974358975,0.8461538461538461,B_2of4
B_persistence,0.03137931034482759,2,4,6,493,39,454,37,0.9487179487179487,5,0.011013215859030838,415,2.167667798380778,64.0,68.51351351351352,0.9487179487179487,0.8974358974358975,0.8461538461538461,B_2of4
B_persistence,0.03293103448275862,2,4,6,493,39,454,37,0.9487179487179487,5,0.011013215859030838,415,2.167667798380778,64.0,68.51351351351352,0.9487179487179487,0.8974358974358975,0.8461538461538461,B_2of4
B_persistence,0.034482758620689655,2,4,6,493,39,454,37,0.9487179487179487,5,0.011013215859030838,415,2.167667798380778,64.0,68.51351351351352,0.9487179487179487,0.8974358974358975,0.8461538461538461,B_2of4
B_persistence,0.036034482758620694,2,4,6,493,39,454,37,0.9487179487179487,0,0.0,404,2.1102115434839384,64.0,68.43243243243244,0.9487179487179487,0.8974358974358975,0.8461538461538461,B_2of4
B_persistence,0.037586206896551726,2,4,6,493,39,454,37,0.9487179487179487,0,0.0,404,2.1102115434839384,64.0,68.43243243243244,0.9487179487179487,0.8974358974358975,0.8461538461538461,B_2of4
B_persistence,0.03913793103448276,2,4,6,493,39,454,37,0.9487179487179487,0,0.0,404,2.1102115434839384,64.0,68.43243243243244,0.9487179487179487,0.8974358974358975,0.8461538461538461,B_2of4
B_persistence,0.0406896551724138,2,4,6,493,39,454,37,0.9487179487179487,0,0.0,404,2.1102115434839384,64.0,68.43243243243244,0.9487179487179487,0.8974358974358975,0.8461538461538461,B_2of4
B_persistence,0.04224137931034483,2,4,6,493,39,454,37,0.9487179487179487,0,0.0,404,2.1102115434839384,64.0,68.43243243243244,0.9487179487179487,0.8974358974358975,0.8461538461538461,B_2of4
B_persistence,0.04379310344827586,2,4,6,493,39,454,37,0.9487179487179487,0,0.0,404,2.1102115434839384,64.0,68.43243243243244,0.9487179487179487,0.8974358974358975,0.8461538461538461,B_2of4
B_persistence,0.0453448275862069,2,4,6,493,39,454,37,0.9487179487179487,0,0.0,404,2.1102115434839384,64.0,68.43243243243244,0.9487179487179487,0.8974358974358975,0.8461538461538461,B_2of4
B_persistence,0.04689655172413793,2,4,6,493,39,454,37,0.9487179487179487,0,0.0,404,2.1102115434839384,64.0,68.43243243243244,0.9487179487179487,0.8974358974358975,0.8461538461538461,B_2of4
B_persistence,0.048448275862068964,2,4,6,493,39,454,37,0.9487179487179487,0,0.0,404,2.1102115434839384,64.0,68.43243243243244,0.9487179487179487,0.8974358974358975,0.8461538461538461,B_2of4
B_persistence,0.05,2,4,6,493,39,454,37,0.9487179487179487,0,0.0,404,2.1102115434839384,64.0,68.43243243243244,0.9487179487179487,0.8974358974358975,0.8461538461538461,B_2of4
B_persistence,0.05126582278481013,2,4,6,493,39,454,37,0.9487179487179487,0,0.0,404,2.1102115434839384,64.0,68.43243243243244,0.9487179487179487,0.8974358974358975,0.8461538461538461,B_2of4
B_persistence,0.052531645569620256,2,4,6,493,39,454,37,0.9487179487179487,0,0.0,404,2.1102115434839384,64.0,68.43243243243244,0.9487179487179487,0.8974358974358975,0.8461538461538461,B_2of4
B_persistence,0.05379746835443038,2,4,6,493,39,454,37,0.9487179487179487,0,0.0,404,2.1102115434839384,64.0,68.43243243243244,0.9487179487179487,0.8974358974358975,0.8461538461538461,B_2of4
B_persistence,0.05506329113924051,2,4,6,493,39,454,37,0.9487179487179487,0,0.0,404,2.1102115434839384,64.0,68.43243243243244,0.9487179487179487,0.8974358974358975,0.8461538461538461,B_2of4
B_persistence,0.056329113924050635,2,4,6,493,39,454,37,0.9487179487179487,0,0.0,404,2.1102115434839384,64.0,68.43243243243244,0.9487179487179487,0.8974358974358975,0.8461538461538461,B_2of4
B_persistence,0.05759493670886076,2,4,6,493,39,454,37,0.9487179487179487,0,0.0,404,2.1102115434839384,64.0,68.43243243243244,0.9487179487179487,0.8974358974358975,0.8461538461538461,B_2of4
B_persistence,0.05886075949367089,2,4,6,493,39,454,37,0.9487179487179487,0,0.0,404,2.1102115434839384,64.0,68.43243243243244,0.9487179487179487,0.8974358974358975,0.8461538461538461,B_2of4
B_persistence,0.060126582278481014,2,4,6,493,39,454,37,0.9487179487179487,0,0.0,404,2.1102115434839384,64.0,68.43243243243244,0.9487179487179487,0.8974358974358975,0.8461538461538461,B_2of4
B_persistence,0.06139240506329114,2,4,6,493,39,454,37,0.9487179487179487,0,0.0,404,2.1102115434839384,64.0,68.43243243243244,0.9487179487179487,0.8974358974358975,0.8461538461538461,B_2of4
B_persistence,0.06265822784810127,2,4,6,493,39,454,37,0.9487179487179487,0,0.0,404,2.1102115434839384,64.0,68.43243243243244,0.9487179487179487,0.8974358974358975,0.8461538461538461,B_2of4
B_persistence,0.0639240506329114,2,4,6,493,39,454,37,0.9487179487179487,0,0.0,404,2.1102115434839384,64.0,68.43243243243244,0.9487179487179487,0.8974358974358975,0.8461538461538461,B_2of4
B_persistence,0.06518987341772152,2,4,6,493,39,454,37,0.9487179487179487,0,0.0,404,2.1102115434839384,64.0,68.43243243243244,0.9487179487179487,0.8974358974358975,0.8461538461538461,B_2of4
B_persistence,0.06645569620253164,2,4,6,493,39,454,37,0.9487179487179487,0,0.0,312,1.6296683207103682,52.0,62.32432432432432,0.9487179487179487,0.8974358974358975,0.8205128205128205,B_2of4
B_persistence,0.06772151898734177,2,4,6,493,39,454,37,0.9487179487179487,0,0.0,312,1.6296683207103682,52.0,62.32432432432432,0.9487179487179487,0.8974358974358975,0.8205128205128205,B_2of4
B_persistence,0.0689873417721519,2,4,6,493,39,454,37,0.9487179487179487,0,0.0,312,1.6296683207103682,52.0,62.32432432432432,0.9487179487179487,0.8974358974358975,0.8205128205128205,B_2of4
B_persistence,0.07025316455696203,2,4,6,493,39,454,37,0.9487179487179487,0,0.0,312,1.6296683207103682,52.0,62.32432432432432,0.9487179487179487,0.8974358974358975,0.8205128205128205,B_2of4
B_persistence,0.07151898734177214,2,4,6,493,39,454,37,0.9487179487179487,0,0.0,312,1.6296683207103682,52.0,62.32432432432432,0.9487179487179487,0.8974358974358975,0.8205128205128205,B_2of4
B_persistence,0.07278481012658228,2,4,6,493,39,454,37,0.9487179487179487,0,0.0,312,1.6296683207103682,52.0,62.32432432432432,0.9487179487179487,0.8974358974358975,0.8205128205128205,B_2of4
B_persistence,0.07405063291139241,2,4,6,493,39,454,37,0.9487179487179487,0,0.0,312,1.6296683207103682,52.0,62.32432432432432,0.9487179487179487,0.8974358974358975,0.8205128205128205,B_2of4
B_persistence,0.07531645569620253,2,4,6,493,39,454,37,0.9487179487179487,0,0.0,312,1.6296683207103682,52.0,62.32432432432432,0.9487179487179487,0.8974358974358975,0.8205128205128205,B_2of4
B_persistence,0.07658227848101265,2,4,6,493,39,454,37,0.9487179487179487,0,0.0,311,1.6244450248106557,52.0,62.32432432432432,0.9487179487179487,0.8974358974358975,0.8205128205128205,B_2of4
B_persistence,0.07784810126582278,2,4,6,493,39,454,37,0.9487179487179487,0,0.0,311,1.6244450248106557,52.0,62.2972972972973,0.9487179487179487,0.8974358974358975,0.8205128205128205,B_2of4
B_persistence,0.07911392405063292,2,4,6,493,39,454,37,0.9487179487179487,0,0.0,306,1.598328545312092,52.0,62.21621621621622,0.9487179487179487,0.8717948717948718,0.8205128205128205,B_2of4
B_persistence,0.08037974683544304,2,4,6,493,39,454,37,0.9487179487179487,0,0.0,306,1.598328545312092,52.0,62.21621621621622,0.9487179487179487,0.8717948717948718,0.8205128205128205,B_2of4
B_persistence,0.08164556962025316,2,4,6,493,39,454,37,0.9487179487179487,0,0.0,306,1.598328545312092,52.0,62.21621621621622,0.9487179487179487,0.8717948717948718,0.8205128205128205,B_2of4
B_persistence,0.08291139240506329,2,4,6,493,39,454,37,0.9487179487179487,0,0.0,306,1.598328545312092,52.0,62.21621621621622,0.9487179487179487,0.8717948717948718,0.8205128205128205,B_2of4
B_persistence,0.08417721518987342,2,4,6,493,39,454,37,0.9487179487179487,0,0.0,306,1.598328545312092,52.0,62.21621621621622,0.9487179487179487,0.8717948717948718,0.8205128205128205,B_2of4
B_persistence,0.08544303797468354,2,4,6,493,39,454,30,0.7692307692307693,0,0.0,144,0.7521546095586316,28.5,44.2,0.7692307692307693,0.6923076923076923,0.6410256410256411,B_2of4
B_persistence,0.08670886075949366,2,4,6,493,39,454,30,0.7692307692307693,0,0.0,144,0.7521546095586316,28.5,44.2,0.7692307692307693,0.6923076923076923,0.6410256410256411,B_2of4
B_persistence,0.0879746835443038,2,4,6,493,39,454,30,0.7692307692307693,0,0.0,144,0.7521546095586316,28.5,44.2,0.7692307692307693,0.6923076923076923,0.6410256410256411,B_2of4
B_persistence,0.08924050632911393,2,4,6,493,39,454,30,0.7692307692307693,0,0.0,144,0.7521546095586316,28.5,44.2,0.7692307692307693,0.6923076923076923,0.6410256410256411,B_2of4
B_persistence,0.09050632911392405,2,4,6,493,39,454,30,0.7692307692307693,0,0.0,144,0.7521546095586316,28.5,44.2,0.7692307692307693,0.6923076923076923,0.6410256410256411,B_2of4
B_persistence,0.09177215189873417,2,4,6,493,39,454,30,0.7692307692307693,0,0.0,144,0.7521546095586316,28.5,44.2,0.7692307692307693,0.6923076923076923,0.6410256410256411,B_2of4
B_persistence,0.0930379746835443,2,4,6,493,39,454,30,0.7692307692307693,0,0.0,144,0.7521546095586316,28.5,44.2,0.7692307692307693,0.6923076923076923,0.6410256410256411,B_2of4
B_persistence,0.09430379746835443,2,4,6,493,39,454,30,0.7692307692307693,0,0.0,143,0.7469313136589187,28.5,44.2,0.7692307692307693,0.6923076923076923,0.6410256410256411,B_2of4
B_persistence,0.09556962025316455,2,4,6,493,39,454,30,0.7692307692307693,0,0.0,142,0.741708017759206,28.5,44.2,0.7692307692307693,0.6923076923076923,0.6410256410256411,B_2of4
B_persistence,0.09683544303797467,2,4,6,493,39,454,30,0.7692307692307693,0,0.0,142,0.741708017759206,28.5,44.2,0.7692307692307693,0.6923076923076923,0.6410256410256411,B_2of4
B_persistence,0.0981012658227848,2,4,6,493,39,454,30,0.7692307692307693,0,0.0,142,0.741708017759206,28.5,44.2,0.7692307692307693,0.6923076923076923,0.6410256410256411,B_2of4
B_persistence,0.09936708860759494,2,4,6,493,39,454,30,0.7692307692307693,0,0.0,142,0.741708017759206,28.5,44.2,0.7692307692307693,0.6923076923076923,0.6410256410256411,B_2of4
B_persistence,0.10063291139240506,2,4,6,493,39,454,30,0.7692307692307693,0,0.0,142,0.741708017759206,28.5,44.2,0.7692307692307693,0.6923076923076923,0.6410256410256411,B_2of4
B_persistence,0.10189873417721518,2,4,6,493,39,454,30,0.7692307692307693,0,0.0,142,0.741708017759206,28.5,44.2,0.7692307692307693,0.6923076923076923,0.6410256410256411,B_2of4
B_persistence,0.10316455696202531,2,4,6,493,39,454,30,0.7692307692307693,0,0.0,142,0.741708017759206,28.5,44.2,0.7692307692307693,0.6923076923076923,0.6410256410256411,B_2of4
B_persistence,0.10443037974683544,2,4,6,493,39,454,5,0.1282051282051282,0,0.0,8,0.04178636719770175,46.0,64.0,0.1282051282051282,0.10256410256410256,0.10256410256410256,B_2of4
B_persistence,0.10569620253164556,2,4,6,493,39,454,5,0.1282051282051282,0,0.0,8,0.04178636719770175,46.0,64.0,0.1282051282051282,0.10256410256410256,0.10256410256410256,B_2of4
B_persistence,0.10696202531645568,2,4,6,493,39,454,5,0.1282051282051282,0,0.0,8,0.04178636719770175,46.0,64.0,0.1282051282051282,0.10256410256410256,0.10256410256410256,B_2of4
B_persistence,0.10822784810126582,2,4,6,493,39,454,5,0.1282051282051282,0,0.0,8,0.04178636719770175,46.0,64.0,0.1282051282051282,0.10256410256410256,0.10256410256410256,B_2of4
B_persistence,0.10949367088607595,2,4,6,493,39,454,5,0.1282051282051282,0,0.0,8,0.04178636719770175,46.0,64.0,0.1282051282051282,0.10256410256410256,0.10256410256410256,B_2of4
B_persistence,0.11075949367088607,2,4,6,493,39,454,5,0.1282051282051282,0,0.0,8,0.04178636719770175,46.0,64.0,0.1282051282051282,0.10256410256410256,0.10256410256410256,B_2of4
B_persistence,0.11202531645569619,2,4,6,493,39,454,5,0.1282051282051282,0,0.0,8,0.04178636719770175,46.0,64.0,0.1282051282051282,0.10256410256410256,0.10256410256410256,B_2of4
B_persistence,0.11329113924050632,2,4,6,493,39,454,5,0.1282051282051282,0,0.0,8,0.04178636719770175,46.0,64.0,0.1282051282051282,0.10256410256410256,0.10256410256410256,B_2of4
B_persistence,0.11455696202531644,2,4,6,493,39,454,5,0.1282051282051282,0,0.0,8,0.04178636719770175,46.0,64.0,0.1282051282051282,0.10256410256410256,0.10256410256410256,B_2of4
B_persistence,0.11582278481012658,2,4,6,493,39,454,5,0.1282051282051282,0,0.0,8,0.04178636719770175,46.0,64.0,0.1282051282051282,0.10256410256410256,0.10256410256410256,B_2of4
B_persistence,0.11708860759493671,2,4,6,493,39,454,5,0.1282051282051282,0,0.0,8,0.04178636719770175,46.0,64.0,0.1282051282051282,0.10256410256410256,0.10256410256410256,B_2of4
B_persistence,0.11835443037974683,2,4,6,493,39,454,5,0.1282051282051282,0,0.0,8,0.04178636719770175,46.0,64.0,0.1282051282051282,0.10256410256410256,0.10256410256410256,B_2of4
B_persistence,0.11962025316455695,2,4,6,493,39,454,5,0.1282051282051282,0,0.0,8,0.04178636719770175,46.0,64.0,0.1282051282051282,0.10256410256410256,0.10256410256410256,B_2of4
B_persistence,0.12088607594936708,2,4,6,493,39,454,5,0.1282051282051282,0,0.0,8,0.04178636719770175,46.0,64.0,0.1282051282051282,0.10256410256410256,0.10256410256410256,B_2of4
B_persistence,0.12215189873417721,2,4,6,493,39,454,5,0.1282051282051282,0,0.0,8,0.04178636719770175,46.0,64.0,0.1282051282051282,0.10256410256410256,0.10256410256410256,B_2of4
B_persistence,0.12341772151898733,2,4,6,493,39,454,5,0.1282051282051282,0,0.0,8,0.04178636719770175,46.0,64.0,0.1282051282051282,0.10256410256410256,0.10256410256410256,B_2of4
B_persistence,0.12468354430379745,2,4,6,493,39,454,5,0.1282051282051282,0,0.0,8,0.04178636719770175,46.0,64.0,0.1282051282051282,0.10256410256410256,0.10256410256410256,B_2of4
B_persistence,0.1259493670886076,2,4,6,493,39,454,5,0.1282051282051282,0,0.0,8,0.04178636719770175,46.0,64.0,0.1282051282051282,0.10256410256410256,0.10256410256410256,B_2of4
B_persistence,0.12721518987341773,2,4,6,493,39,454,5,0.1282051282051282,0,0.0,8,0.04178636719770175,46.0,64.0,0.1282051282051282,0.10256410256410256,0.10256410256410256,B_2of4
B_persistence,0.12848101265822784,2,4,6,493,39,454,5,0.1282051282051282,0,0.0,8,0.04178636719770175,46.0,64.0,0.1282051282051282,0.10256410256410256,0.10256410256410256,B_2of4
B_persistence,0.12974683544303794,2,4,6,493,39,454,5,0.1282051282051282,0,0.0,8,0.04178636719770175,46.0,64.0,0.1282051282051282,0.10256410256410256,0.10256410256410256,B_2of4
B_persistence,0.13101265822784808,2,4,6,493,39,454,5,0.1282051282051282,0,0.0,8,0.04178636719770175,46.0,64.0,0.1282051282051282,0.10256410256410256,0.10256410256410256,B_2of4
B_persistence,0.1322784810126582,2,4,6,493,39,454,5,0.1282051282051282,0,0.0,8,0.04178636719770175,46.0,64.0,0.1282051282051282,0.10256410256410256,0.10256410256410256,B_2of4
B_persistence,0.13354430379746834,2,4,6,493,39,454,5,0.1282051282051282,0,0.0,8,0.04178636719770175,46.0,64.0,0.1282051282051282,0.10256410256410256,0.10256410256410256,B_2of4
B_persistence,0.13481012658227848,2,4,6,493,39,454,5,0.1282051282051282,0,0.0,8,0.04178636719770175,46.0,64.0,0.1282051282051282,0.10256410256410256,0.10256410256410256,B_2of4
B_persistence,0.1360759493670886,2,4,6,493,39,454,5,0.1282051282051282,0,0.0,8,0.04178636719770175,46.0,64.0,0.1282051282051282,0.10256410256410256,0.10256410256410256,B_2of4
B_persistence,0.13734177215189874,2,4,6,493,39,454,5,0.1282051282051282,0,0.0,8,0.04178636719770175,46.0,64.0,0.1282051282051282,0.10256410256410256,0.10256410256410256,B_2of4
B_persistence,0.13860759493670885,2,4,6,493,39,454,5,0.1282051282051282,0,0.0,8,0.04178636719770175,46.0,64.0,0.1282051282051282,0.10256410256410256,0.10256410256410256,B_2of4
B_persistence,0.13987341772151896,2,4,6,493,39,454,5,0.1282051282051282,0,0.0,8,0.04178636719770175,46.0,64.0,0.1282051282051282,0.10256410256410256,0.10256410256410256,B_2of4
B_persistence,0.1411392405063291,2,4,6,493,39,454,5,0.1282051282051282,0,0.0,8,0.04178636719770175,46.0,64.0,0.1282051282051282,0.10256410256410256,0.10256410256410256,B_2of4
B_persistence,0.14240506329113922,2,4,6,493,39,454,5,0.1282051282051282,0,0.0,8,0.04178636719770175,46.0,64.0,0.1282051282051282,0.10256410256410256,0.10256410256410256,B_2of4
B_persistence,0.14367088607594936,2,4,6,493,39,454,5,0.1282051282051282,0,0.0,8,0.04178636719770175,46.0,64.0,0.1282051282051282,0.10256410256410256,0.10256410256410256,B_2of4
B_persistence,0.1449367088607595,2,4,6,493,39,454,5,0.1282051282051282,0,0.0,8,0.04178636719770175,46.0,64.0,0.1282051282051282,0.10256410256410256,0.10256410256410256,B_2of4
B_persistence,0.14620253164556962,2,4,6,493,39,454,5,0.1282051282051282,0,0.0,8,0.04178636719770175,46.0,64.0,0.1282051282051282,0.10256410256410256,0.10256410256410256,B_2of4
B_persistence,0.14746835443037976,2,4,6,493,39,454,5,0.1282051282051282,0,0.0,8,0.04178636719770175,46.0,64.0,0.1282051282051282,0.10256410256410256,0.10256410256410256,B_2of4
B_persistence,0.14873417721518986,2,4,6,493,39,454,5,0.1282051282051282,0,0.0,8,0.04178636719770175,46.0,64.0,0.1282051282051282,0.10256410256410256,0.10256410256410256,B_2of4
B_persistence,0.15,2,4,6,493,39,454,5,0.1282051282051282,0,0.0,8,0.04178636719770175,46.0,64.0,0.1282051282051282,0.10256410256410256,0.10256410256410256,B_2of4
B_persistence,0.16206896551724137,2,4,6,493,39,454,5,0.1282051282051282,0,0.0,8,0.04178636719770175,46.0,64.0,0.1282051282051282,0.10256410256410256,0.10256410256410256,B_2of4
B_persistence,0.17413793103448275,2,4,6,493,39,454,5,0.1282051282051282,0,0.0,7,0.03656307129798903,46.0,63.4,0.1282051282051282,0.10256410256410256,0.10256410256410256,B_2of4
B_persistence,0.18620689655172412,2,4,6,493,39,454,5,0.1282051282051282,0,0.0,7,0.03656307129798903,46.0,63.4,0.1282051282051282,0.10256410256410256,0.10256410256410256,B_2of4
B_persistence,0.19827586206896552,2,4,6,493,39,454,5,0.1282051282051282,0,0.0,7,0.03656307129798903,46.0,63.4,0.1282051282051282,0.10256410256410256,0.10256410256410256,B_2of4
B_persistence,0.21034482758620687,2,4,6,493,39,454,5,0.1282051282051282,0,0.0,7,0.03656307129798903,46.0,63.4,0.1282051282051282,0.10256410256410256,0.10256410256410256,B_2of4
B_persistence,0.22241379310344828,2,4,6,493,39,454,5,0.1282051282051282,0,0.0,7,0.03656307129798903,46.0,63.4,0.1282051282051282,0.10256410256410256,0.10256410256410256,B_2of4
B_persistence,0.23448275862068965,2,4,6,493,39,454,5,0.1282051282051282,0,0.0,7,0.03656307129798903,46.0,63.4,0.1282051282051282,0.10256410256410256,0.10256410256410256,B_2of4
B_persistence,0.24655172413793103,2,4,6,493,39,454,5,0.1282051282051282,0,0.0,7,0.03656307129798903,46.0,63.4,0.1282051282051282,0.10256410256410256,0.10256410256410256,B_2of4
B_persistence,0.2586206896551724,2,4,6,493,39,454,2,0.05128205128205128,0,0.0,3,0.015669887699138157,77.0,77.0,0.05128205128205128,0.05128205128205128,0.05128205128205128,B_2of4
B_persistence,0.2706896551724138,2,4,6,493,39,454,2,0.05128205128205128,0,0.0,3,0.015669887699138157,77.0,77.0,0.05128205128205128,0.05128205128205128,0.05128205128205128,B_2of4
B_persistence,0.2827586206896552,2,4,6,493,39,454,2,0.05128205128205128,0,0.0,3,0.015669887699138157,77.0,77.0,0.05128205128205128,0.05128205128205128,0.05128205128205128,B_2of4
B_persistence,0.29482758620689653,2,4,6,493,39,454,2,0.05128205128205128,0,0.0,3,0.015669887699138157,77.0,77.0,0.05128205128205128,0.05128205128205128,0.05128205128205128,B_2of4
B_persistence,0.30689655172413793,2,4,6,493,39,454,2,0.05128205128205128,0,0.0,3,0.015669887699138157,77.0,77.0,0.05128205128205128,0.05128205128205128,0.05128205128205128,B_2of4
B_persistence,0.31896551724137934,2,4,6,493,39,454,2,0.05128205128205128,0,0.0,3,0.015669887699138157,77.0,77.0,0.05128205128205128,0.05128205128205128,0.05128205128205128,B_2of4
B_persistence,0.3310344827586207,2,4,6,493,39,454,2,0.05128205128205128,0,0.0,3,0.015669887699138157,77.0,77.0,0.05128205128205128,0.05128205128205128,0.05128205128205128,B_2of4
B_persistence,0.34310344827586203,2,4,6,493,39,454,2,0.05128205128205128,0,0.0,3,0.015669887699138157,77.0,77.0,0.05128205128205128,0.05128205128205128,0.05128205128205128,B_2of4
B_persistence,0.35517241379310344,2,4,6,493,39,454,2,0.05128205128205128,0,0.0,3,0.015669887699138157,77.0,77.0,0.05128205128205128,0.05128205128205128,0.05128205128205128,B_2of4
B_persistence,0.36724137931034484,2,4,6,493,39,454,2,0.05128205128205128,0,0.0,3,0.015669887699138157,77.0,77.0,0.05128205128205128,0.05128205128205128,0.05128205128205128,B_2of4
B_persistence,0.3793103448275862,2,4,6,493,39,454,2,0.05128205128205128,0,0.0,3,0.015669887699138157,77.0,77.0,0.05128205128205128,0.05128205128205128,0.05128205128205128,B_2of4
B_persistence,0.39137931034482754,2,4,6,493,39,454,2,0.05128205128205128,0,0.0,3,0.015669887699138157,77.0,77.0,0.05128205128205128,0.05128205128205128,0.05128205128205128,B_2of4
B_persistence,0.403448275862069,2,4,6,493,39,454,2,0.05128205128205128,0,0.0,3,0.015669887699138157,77.0,77.0,0.05128205128205128,0.05128205128205128,0.05128205128205128,B_2of4
B_persistence,0.41551724137931034,2,4,6,493,39,454,2,0.05128205128205128,0,0.0,3,0.015669887699138157,77.0,77.0,0.05128205128205128,0.05128205128205128,0.05128205128205128,B_2of4
B_persistence,0.4275862068965517,2,4,6,493,39,454,2,0.05128205128205128,0,0.0,3,0.015669887699138157,77.0,77.0,0.05128205128205128,0.05128205128205128,0.05128205128205128,B_2of4
B_persistence,0.43965517241379315,2,4,6,493,39,454,2,0.05128205128205128,0,0.0,3,0.015669887699138157,77.0,77.0,0.05128205128205128,0.05128205128205128,0.05128205128205128,B_2of4
B_persistence,0.4517241379310345,2,4,6,493,39,454,2,0.05128205128205128,0,0.0,3,0.015669887699138157,77.0,77.0,0.05128205128205128,0.05128205128205128,0.05128205128205128,B_2of4
B_persistence,0.46379310344827585,2,4,6,493,39,454,2,0.05128205128205128,0,0.0,3,0.015669887699138157,77.0,77.0,0.05128205128205128,0.05128205128205128,0.05128205128205128,B_2of4
B_persistence,0.4758620689655172,2,4,6,493,39,454,2,0.05128205128205128,0,0.0,3,0.015669887699138157,77.0,77.0,0.05128205128205128,0.05128205128205128,0.05128205128205128,B_2of4
B_persistence,0.48793103448275865,2,4,6,493,39,454,2,0.05128205128205128,0,0.0,3,0.015669887699138157,77.0,77.0,0.05128205128205128,0.05128205128205128,0.05128205128205128,B_2of4
B_persistence,0.5,2,4,6,493,39,454,2,0.05128205128205128,0,0.0,3,0.015669887699138157,77.0,77.0,0.05128205128205128,0.05128205128205128,0.05128205128205128,B_2of4
B_persistence,0.55,2,4,6,493,39,454,2,0.05128205128205128,0,0.0,3,0.015669887699138157,77.0,77.0,0.05128205128205128,0.05128205128205128,0.05128205128205128,B_2of4
B_persistence,0.6,2,4,6,493,39,454,2,0.05128205128205128,0,0.0,3,0.015669887699138157,77.0,77.0,0.05128205128205128,0.05128205128205128,0.05128205128205128,B_2of4
B_persistence,0.65,2,4,6,493,39,454,0,0.0,0,0.0,0,0.0,,,0.0,0.0,0.0,B_2of4
B_persistence,0.7,2,4,6,493,39,454,0,0.0,0,0.0,0,0.0,,,0.0,0.0,0.0,B_2of4
B_persistence,0.75,2,4,6,493,39,454,0,0.0,0,0.0,0,0.0,,,0.0,0.0,0.0,B_2of4
B_persistence,0.8,2,4,6,493,39,454,0,0.0,0,0.0,0,0.0,,,0.0,0.0,0.0,B_2of4
B_persistence,0.85,2,4,6,493,39,454,0,0.0,0,0.0,0,0.0,,,0.0,0.0,0.0,B_2of4
B_persistence,0.8999999999999999,2,4,6,493,39,454,0,0.0,0,0.0,0,0.0,,,0.0,0.0,0.0,B_2of4
B_persistence,0.95,2,4,6,493,39,454,0,0.0,0,0.0,0,0.0,,,0.0,0.0,0.0,B_2of4
B_persistence,0.005,3,6,6,493,39,454,37,0.9487179487179487,5,0.011013215859030838,406,2.1206581352833638,63.0,67.4054054054054,0.9487179487179487,0.8461538461538461,0.8461538461538461,B_3of6
B_persistence,0.006551724137931035,3,6,6,493,39,454,37,0.9487179487179487,5,0.011013215859030838,406,2.1206581352833638,63.0,67.4054054054054,0.9487179487179487,0.8461538461538461,0.8461538461538461,B_3of6
B_persistence,0.008103448275862069,3,6,6,493,39,454,37,0.9487179487179487,5,0.011013215859030838,406,2.1206581352833638,63.0,67.4054054054054,0.9487179487179487,0.8461538461538461,0.8461538461538461,B_3of6
B_persistence,0.009655172413793104,3,6,6,493,39,454,37,0.9487179487179487,5,0.011013215859030838,406,2.1206581352833638,63.0,67.4054054054054,0.9487179487179487,0.8461538461538461,0.8461538461538461,B_3of6
B_persistence,0.01120689655172414,3,6,6,493,39,454,37,0.9487179487179487,5,0.011013215859030838,406,2.1206581352833638,63.0,67.4054054054054,0.9487179487179487,0.8461538461538461,0.8461538461538461,B_3of6
B_persistence,0.012758620689655173,3,6,6,493,39,454,37,0.9487179487179487,5,0.011013215859030838,406,2.1206581352833638,63.0,67.4054054054054,0.9487179487179487,0.8461538461538461,0.8461538461538461,B_3of6
B_persistence,0.014310344827586207,3,6,6,493,39,454,37,0.9487179487179487,5,0.011013215859030838,406,2.1206581352833638,63.0,67.4054054054054,0.9487179487179487,0.8461538461538461,0.8461538461538461,B_3of6
B_persistence,0.015862068965517243,3,6,6,493,39,454,37,0.9487179487179487,5,0.011013215859030838,406,2.1206581352833638,63.0,67.4054054054054,0.9487179487179487,0.8461538461538461,0.8461538461538461,B_3of6
B_persistence,0.017413793103448278,3,6,6,493,39,454,37,0.9487179487179487,5,0.011013215859030838,406,2.1206581352833638,63.0,67.4054054054054,0.9487179487179487,0.8461538461538461,0.8461538461538461,B_3of6
B_persistence,0.018965517241379314,3,6,6,493,39,454,37,0.9487179487179487,5,0.011013215859030838,406,2.1206581352833638,63.0,67.4054054054054,0.9487179487179487,0.8461538461538461,0.8461538461538461,B_3of6
B_persistence,0.020517241379310346,3,6,6,493,39,454,37,0.9487179487179487,5,0.011013215859030838,406,2.1206581352833638,63.0,67.4054054054054,0.9487179487179487,0.8461538461538461,0.8461538461538461,B_3of6
B_persistence,0.02206896551724138,3,6,6,493,39,454,37,0.9487179487179487,5,0.011013215859030838,406,2.1206581352833638,63.0,67.4054054054054,0.9487179487179487,0.8461538461538461,0.8461538461538461,B_3of6
B_persistence,0.023620689655172417,3,6,6,493,39,454,37,0.9487179487179487,5,0.011013215859030838,406,2.1206581352833638,63.0,67.4054054054054,0.9487179487179487,0.8461538461538461,0.8461538461538461,B_3of6
B_persistence,0.025172413793103452,3,6,6,493,39,454,37,0.9487179487179487,5,0.011013215859030838,406,2.1206581352833638,63.0,67.4054054054054,0.9487179487179487,0.8461538461538461,0.8461538461538461,B_3of6
B_persistence,0.026724137931034484,3,6,6,493,39,454,37,0.9487179487179487,5,0.011013215859030838,406,2.1206581352833638,63.0,67.4054054054054,0.9487179487179487,0.8461538461538461,0.8461538461538461,B_3of6
B_persistence,0.02827586206896552,3,6,6,493,39,454,37,0.9487179487179487,5,0.011013215859030838,406,2.1206581352833638,63.0,67.4054054054054,0.9487179487179487,0.8461538461538461,0.8461538461538461,B_3of6
B_persistence,0.029827586206896555,3,6,6,493,39,454,37,0.9487179487179487,5,0.011013215859030838,406,2.1206581352833638,63.0,67.4054054054054,0.9487179487179487,0.8461538461538461,0.8461538461538461,B_3of6
B_persistence,0.03137931034482759,3,6,6,493,39,454,37,0.9487179487179487,5,0.011013215859030838,406,2.1206581352833638,63.0,67.4054054054054,0.9487179487179487,0.8461538461538461,0.8461538461538461,B_3of6
B_persistence,0.03293103448275862,3,6,6,493,39,454,37,0.9487179487179487,5,0.011013215859030838,406,2.1206581352833638,63.0,67.4054054054054,0.9487179487179487,0.8461538461538461,0.8461538461538461,B_3of6
B_persistence,0.034482758620689655,3,6,6,493,39,454,37,0.9487179487179487,5,0.011013215859030838,406,2.1206581352833638,63.0,67.4054054054054,0.9487179487179487,0.8461538461538461,0.8461538461538461,B_3of6
B_persistence,0.036034482758620694,3,6,6,493,39,454,37,0.9487179487179487,0,0.0,398,2.078871768085662,63.0,67.35135135135135,0.9487179487179487,0.8461538461538461,0.8461538461538461,B_3of6
B_persistence,0.037586206896551726,3,6,6,493,39,454,37,0.9487179487179487,0,0.0,398,2.078871768085662,63.0,67.35135135135135,0.9487179487179487,0.8461538461538461,0.8461538461538461,B_3of6
B_persistence,0.03913793103448276,3,6,6,493,39,454,37,0.9487179487179487,0,0.0,398,2.078871768085662,63.0,67.35135135135135,0.9487179487179487,0.8461538461538461,0.8461538461538461,B_3of6
B_persistence,0.0406896551724138,3,6,6,493,39,454,37,0.9487179487179487,0,0.0,398,2.078871768085662,63.0,67.35135135135135,0.9487179487179487,0.8461538461538461,0.8461538461538461,B_3of6
B_persistence,0.04224137931034483,3,6,6,493,39,454,37,0.9487179487179487,0,0.0,398,2.078871768085662,63.0,67.35135135135135,0.9487179487179487,0.8461538461538461,0.8461538461538461,B_3of6
B_persistence,0.04379310344827586,3,6,6,493,39,454,37,0.9487179487179487,0,0.0,398,2.078871768085662,63.0,67.35135135135135,0.9487179487179487,0.8461538461538461,0.8461538461538461,B_3of6
B_persistence,0.0453448275862069,3,6,6,493,39,454,37,0.9487179487179487,0,0.0,398,2.078871768085662,63.0,67.35135135135135,0.9487179487179487,0.8461538461538461,0.8461538461538461,B_3of6
B_persistence,0.04689655172413793,3,6,6,493,39,454,37,0.9487179487179487,0,0.0,398,2.078871768085662,63.0,67.35135135135135,0.9487179487179487,0.8461538461538461,0.8461538461538461,B_3of6
B_persistence,0.048448275862068964,3,6,6,493,39,454,37,0.9487179487179487,0,0.0,398,2.078871768085662,63.0,67.35135135135135,0.9487179487179487,0.8461538461538461,0.8461538461538461,B_3of6
B_persistence,0.05,3,6,6,493,39,454,37,0.9487179487179487,0,0.0,398,2.078871768085662,63.0,67.35135135135135,0.9487179487179487,0.8461538461538461,0.8461538461538461,B_3of6
B_persistence,0.05126582278481013,3,6,6,493,39,454,37,0.9487179487179487,0,0.0,398,2.078871768085662,63.0,67.35135135135135,0.9487179487179487,0.8461538461538461,0.8461538461538461,B_3of6
B_persistence,0.052531645569620256,3,6,6,493,39,454,37,0.9487179487179487,0,0.0,398,2.078871768085662,63.0,67.35135135135135,0.9487179487179487,0.8461538461538461,0.8461538461538461,B_3of6
B_persistence,0.05379746835443038,3,6,6,493,39,454,37,0.9487179487179487,0,0.0,398,2.078871768085662,63.0,67.35135135135135,0.9487179487179487,0.8461538461538461,0.8461538461538461,B_3of6
B_persistence,0.05506329113924051,3,6,6,493,39,454,37,0.9487179487179487,0,0.0,398,2.078871768085662,63.0,67.35135135135135,0.9487179487179487,0.8461538461538461,0.8461538461538461,B_3of6
B_persistence,0.056329113924050635,3,6,6,493,39,454,37,0.9487179487179487,0,0.0,398,2.078871768085662,63.0,67.35135135135135,0.9487179487179487,0.8461538461538461,0.8461538461538461,B_3of6
B_persistence,0.05759493670886076,3,6,6,493,39,454,37,0.9487179487179487,0,0.0,398,2.078871768085662,63.0,67.35135135135135,0.9487179487179487,0.8461538461538461,0.8461538461538461,B_3of6
B_persistence,0.05886075949367089,3,6,6,493,39,454,37,0.9487179487179487,0,0.0,398,2.078871768085662,63.0,67.35135135135135,0.9487179487179487,0.8461538461538461,0.8461538461538461,B_3of6
B_persistence,0.060126582278481014,3,6,6,493,39,454,37,0.9487179487179487,0,0.0,398,2.078871768085662,63.0,67.35135135135135,0.9487179487179487,0.8461538461538461,0.8461538461538461,B_3of6
B_persistence,0.06139240506329114,3,6,6,493,39,454,37,0.9487179487179487,0,0.0,398,2.078871768085662,63.0,67.35135135135135,0.9487179487179487,0.8461538461538461,0.8461538461538461,B_3of6
B_persistence,0.06265822784810127,3,6,6,493,39,454,37,0.9487179487179487,0,0.0,398,2.078871768085662,63.0,67.35135135135135,0.9487179487179487,0.8461538461538461,0.8461538461538461,B_3of6
B_persistence,0.0639240506329114,3,6,6,493,39,454,37,0.9487179487179487,0,0.0,398,2.078871768085662,63.0,67.35135135135135,0.9487179487179487,0.8461538461538461,0.8461538461538461,B_3of6
B_persistence,0.06518987341772152,3,6,6,493,39,454,37,0.9487179487179487,0,0.0,398,2.078871768085662,63.0,67.35135135135135,0.9487179487179487,0.8461538461538461,0.8461538461538461,B_3of6
B_persistence,0.06645569620253164,3,6,6,493,39,454,36,0.9230769230769231,0,0.0,307,1.6035518412118046,49.0,59.47222222222222,0.9230769230769231,0.7948717948717948,0.7948717948717948,B_3of6
B_persistence,0.06772151898734177,3,6,6,493,39,454,36,0.9230769230769231,0,0.0,307,1.6035518412118046,49.0,59.47222222222222,0.9230769230769231,0.7948717948717948,0.7948717948717948,B_3of6
B_persistence,0.0689873417721519,3,6,6,493,39,454,36,0.9230769230769231,0,0.0,307,1.6035518412118046,49.0,59.47222222222222,0.9230769230769231,0.7948717948717948,0.7948717948717948,B_3of6
B_persistence,0.07025316455696203,3,6,6,493,39,454,36,0.9230769230769231,0,0.0,307,1.6035518412118046,49.0,59.47222222222222,0.9230769230769231,0.7948717948717948,0.7948717948717948,B_3of6
B_persistence,0.07151898734177214,3,6,6,493,39,454,36,0.9230769230769231,0,0.0,307,1.6035518412118046,49.0,59.47222222222222,0.9230769230769231,0.7948717948717948,0.7948717948717948,B_3of6
B_persistence,0.07278481012658228,3,6,6,493,39,454,36,0.9230769230769231,0,0.0,307,1.6035518412118046,49.0,59.47222222222222,0.9230769230769231,0.7948717948717948,0.7948717948717948,B_3of6
B_persistence,0.07405063291139241,3,6,6,493,39,454,36,0.9230769230769231,0,0.0,307,1.6035518412118046,49.0,59.47222222222222,0.9230769230769231,0.7948717948717948,0.7948717948717948,B_3of6
B_persistence,0.07531645569620253,3,6,6,493,39,454,36,0.9230769230769231,0,0.0,307,1.6035518412118046,49.0,59.47222222222222,0.9230769230769231,0.7948717948717948,0.7948717948717948,B_3of6
B_persistence,0.07658227848101265,3,6,6,493,39,454,36,0.9230769230769231,0,0.0,307,1.6035518412118046,49.0,59.47222222222222,0.9230769230769231,0.7948717948717948,0.7948717948717948,B_3of6
B_persistence,0.07784810126582278,3,6,6,493,39,454,36,0.9230769230769231,0,0.0,306,1.598328545312092,47.5,57.69444444444444,0.9230769230769231,0.7948717948717948,0.7948717948717948,B_3of6
B_persistence,0.07911392405063292,3,6,6,493,39,454,36,0.9230769230769231,0,0.0,296,1.5460955863149648,47.0,57.25,0.9230769230769231,0.7948717948717948,0.7948717948717948,B_3of6
B_persistence,0.08037974683544304,3,6,6,493,39,454,36,0.9230769230769231,0,0.0,296,1.5460955863149648,47.0,57.25,0.9230769230769231,0.7948717948717948,0.7948717948717948,B_3of6
B_persistence,0.08164556962025316,3,6,6,493,39,454,36,0.9230769230769231,0,0.0,296,1.5460955863149648,47.0,57.25,0.9230769230769231,0.7948717948717948,0.7948717948717948,B_3of6
B_persistence,0.08291139240506329,3,6,6,493,39,454,36,0.9230769230769231,0,0.0,296,1.5460955863149648,47.0,57.25,0.9230769230769231,0.7948717948717948,0.7948717948717948,B_3of6
B_persistence,0.08417721518987342,3,6,6,493,39,454,36,0.9230769230769231,0,0.0,296,1.5460955863149648,47.0,57.25,0.9230769230769231,0.7948717948717948,0.7948717948717948,B_3of6
B_persistence,0.08544303797468354,3,6,6,493,39,454,28,0.717948717948718,0,0.0,135,0.7051449464612171,29.0,45.57142857142857,0.717948717948718,0.6153846153846154,0.6153846153846154,B_3of6
B_persistence,0.08670886075949366,3,6,6,493,39,454,28,0.717948717948718,0,0.0,135,0.7051449464612171,29.0,45.57142857142857,0.717948717948718,0.6153846153846154,0.6153846153846154,B_3of6
B_persistence,0.0879746835443038,3,6,6,493,39,454,28,0.717948717948718,0,0.0,135,0.7051449464612171,29.0,45.57142857142857,0.717948717948718,0.6153846153846154,0.6153846153846154,B_3of6
B_persistence,0.08924050632911393,3,6,6,493,39,454,28,0.717948717948718,0,0.0,135,0.7051449464612171,29.0,45.57142857142857,0.717948717948718,0.6153846153846154,0.6153846153846154,B_3of6
B_persistence,0.09050632911392405,3,6,6,493,39,454,28,0.717948717948718,0,0.0,135,0.7051449464612171,29.0,45.57142857142857,0.717948717948718,0.6153846153846154,0.6153846153846154,B_3of6
B_persistence,0.09177215189873417,3,6,6,493,39,454,28,0.717948717948718,0,0.0,135,0.7051449464612171,29.0,45.57142857142857,0.717948717948718,0.6153846153846154,0.6153846153846154,B_3of6
B_persistence,0.0930379746835443,3,6,6,493,39,454,28,0.717948717948718,0,0.0,135,0.7051449464612171,29.0,45.57142857142857,0.717948717948718,0.6153846153846154,0.6153846153846154,B_3of6
B_persistence,0.09430379746835443,3,6,6,493,39,454,28,0.717948717948718,0,0.0,135,0.7051449464612171,29.0,45.57142857142857,0.717948717948718,0.6153846153846154,0.6153846153846154,B_3of6
B_persistence,0.09556962025316455,3,6,6,493,39,454,28,0.717948717948718,0,0.0,134,0.6999216505615042,29.0,45.57142857142857,0.717948717948718,0.6153846153846154,0.6153846153846154,B_3of6
B_persistence,0.09683544303797467,3,6,6,493,39,454,28,0.717948717948718,0,0.0,134,0.6999216505615042,29.0,45.57142857142857,0.717948717948718,0.6153846153846154,0.6153846153846154,B_3of6
B_persistence,0.0981012658227848,3,6,6,493,39,454,28,0.717948717948718,0,0.0,134,0.6999216505615042,29.0,45.57142857142857,0.717948717948718,0.6153846153846154,0.6153846153846154,B_3of6
B_persistence,0.09936708860759494,3,6,6,493,39,454,28,0.717948717948718,0,0.0,134,0.6999216505615042,29.0,45.57142857142857,0.717948717948718,0.6153846153846154,0.6153846153846154,B_3of6
B_persistence,0.10063291139240506,3,6,6,493,39,454,28,0.717948717948718,0,0.0,134,0.6999216505615042,29.0,45.57142857142857,0.717948717948718,0.6153846153846154,0.6153846153846154,B_3of6
B_persistence,0.10189873417721518,3,6,6,493,39,454,28,0.717948717948718,0,0.0,134,0.6999216505615042,29.0,45.57142857142857,0.717948717948718,0.6153846153846154,0.6153846153846154,B_3of6
B_persistence,0.10316455696202531,3,6,6,493,39,454,28,0.717948717948718,0,0.0,134,0.6999216505615042,29.0,45.57142857142857,0.717948717948718,0.6153846153846154,0.6153846153846154,B_3of6
B_persistence,0.10443037974683544,3,6,6,493,39,454,4,0.10256410256410256,0,0.0,5,0.026116479498563595,25.5,52.75,0.10256410256410256,0.07692307692307693,0.07692307692307693,B_3of6
B_persistence,0.10569620253164556,3,6,6,493,39,454,4,0.10256410256410256,0,0.0,5,0.026116479498563595,25.5,52.75,0.10256410256410256,0.07692307692307693,0.07692307692307693,B_3of6
B_persistence,0.10696202531645568,3,6,6,493,39,454,4,0.10256410256410256,0,0.0,5,0.026116479498563595,25.5,52.75,0.10256410256410256,0.07692307692307693,0.07692307692307693,B_3of6
B_persistence,0.10822784810126582,3,6,6,493,39,454,4,0.10256410256410256,0,0.0,5,0.026116479498563595,25.5,52.75,0.10256410256410256,0.07692307692307693,0.07692307692307693,B_3of6
B_persistence,0.10949367088607595,3,6,6,493,39,454,4,0.10256410256410256,0,0.0,5,0.026116479498563595,25.5,52.75,0.10256410256410256,0.07692307692307693,0.07692307692307693,B_3of6
B_persistence,0.11075949367088607,3,6,6,493,39,454,4,0.10256410256410256,0,0.0,5,0.026116479498563595,25.5,52.75,0.10256410256410256,0.07692307692307693,0.07692307692307693,B_3of6
B_persistence,0.11202531645569619,3,6,6,493,39,454,4,0.10256410256410256,0,0.0,5,0.026116479498563595,25.5,52.75,0.10256410256410256,0.07692307692307693,0.07692307692307693,B_3of6
B_persistence,0.11329113924050632,3,6,6,493,39,454,4,0.10256410256410256,0,0.0,5,0.026116479498563595,25.5,52.75,0.10256410256410256,0.07692307692307693,0.07692307692307693,B_3of6
B_persistence,0.11455696202531644,3,6,6,493,39,454,4,0.10256410256410256,0,0.0,5,0.026116479498563595,25.5,52.75,0.10256410256410256,0.07692307692307693,0.07692307692307693,B_3of6
B_persistence,0.11582278481012658,3,6,6,493,39,454,4,0.10256410256410256,0,0.0,5,0.026116479498563595,25.5,52.75,0.10256410256410256,0.07692307692307693,0.07692307692307693,B_3of6
B_persistence,0.11708860759493671,3,6,6,493,39,454,4,0.10256410256410256,0,0.0,5,0.026116479498563595,25.5,52.75,0.10256410256410256,0.07692307692307693,0.07692307692307693,B_3of6
B_persistence,0.11835443037974683,3,6,6,493,39,454,4,0.10256410256410256,0,0.0,5,0.026116479498563595,25.5,52.75,0.10256410256410256,0.07692307692307693,0.07692307692307693,B_3of6
B_persistence,0.11962025316455695,3,6,6,493,39,454,4,0.10256410256410256,0,0.0,5,0.026116479498563595,25.5,52.75,0.10256410256410256,0.07692307692307693,0.07692307692307693,B_3of6
B_persistence,0.12088607594936708,3,6,6,493,39,454,4,0.10256410256410256,0,0.0,5,0.026116479498563595,25.5,52.75,0.10256410256410256,0.07692307692307693,0.07692307692307693,B_3of6
B_persistence,0.12215189873417721,3,6,6,493,39,454,4,0.10256410256410256,0,0.0,5,0.026116479498563595,25.5,52.75,0.10256410256410256,0.07692307692307693,0.07692307692307693,B_3of6
B_persistence,0.12341772151898733,3,6,6,493,39,454,4,0.10256410256410256,0,0.0,5,0.026116479498563595,25.5,52.75,0.10256410256410256,0.07692307692307693,0.07692307692307693,B_3of6
B_persistence,0.12468354430379745,3,6,6,493,39,454,4,0.10256410256410256,0,0.0,5,0.026116479498563595,25.5,52.75,0.10256410256410256,0.07692307692307693,0.07692307692307693,B_3of6
B_persistence,0.1259493670886076,3,6,6,493,39,454,4,0.10256410256410256,0,0.0,5,0.026116479498563595,25.5,52.75,0.10256410256410256,0.07692307692307693,0.07692307692307693,B_3of6
B_persistence,0.12721518987341773,3,6,6,493,39,454,4,0.10256410256410256,0,0.0,5,0.026116479498563595,25.5,52.75,0.10256410256410256,0.07692307692307693,0.07692307692307693,B_3of6
B_persistence,0.12848101265822784,3,6,6,493,39,454,4,0.10256410256410256,0,0.0,5,0.026116479498563595,25.5,52.75,0.10256410256410256,0.07692307692307693,0.07692307692307693,B_3of6
B_persistence,0.12974683544303794,3,6,6,493,39,454,4,0.10256410256410256,0,0.0,5,0.026116479498563595,25.5,52.75,0.10256410256410256,0.07692307692307693,0.07692307692307693,B_3of6
B_persistence,0.13101265822784808,3,6,6,493,39,454,4,0.10256410256410256,0,0.0,5,0.026116479498563595,25.5,52.75,0.10256410256410256,0.07692307692307693,0.07692307692307693,B_3of6
B_persistence,0.1322784810126582,3,6,6,493,39,454,4,0.10256410256410256,0,0.0,5,0.026116479498563595,25.5,52.75,0.10256410256410256,0.07692307692307693,0.07692307692307693,B_3of6
B_persistence,0.13354430379746834,3,6,6,493,39,454,4,0.10256410256410256,0,0.0,5,0.026116479498563595,25.5,52.75,0.10256410256410256,0.07692307692307693,0.07692307692307693,B_3of6
B_persistence,0.13481012658227848,3,6,6,493,39,454,4,0.10256410256410256,0,0.0,5,0.026116479498563595,25.5,52.75,0.10256410256410256,0.07692307692307693,0.07692307692307693,B_3of6
B_persistence,0.1360759493670886,3,6,6,493,39,454,4,0.10256410256410256,0,0.0,5,0.026116479498563595,25.5,52.75,0.10256410256410256,0.07692307692307693,0.07692307692307693,B_3of6
B_persistence,0.13734177215189874,3,6,6,493,39,454,4,0.10256410256410256,0,0.0,5,0.026116479498563595,25.5,52.75,0.10256410256410256,0.07692307692307693,0.07692307692307693,B_3of6
B_persistence,0.13860759493670885,3,6,6,493,39,454,4,0.10256410256410256,0,0.0,5,0.026116479498563595,25.5,52.75,0.10256410256410256,0.07692307692307693,0.07692307692307693,B_3of6
B_persistence,0.13987341772151896,3,6,6,493,39,454,4,0.10256410256410256,0,0.0,5,0.026116479498563595,25.5,52.75,0.10256410256410256,0.07692307692307693,0.07692307692307693,B_3of6
B_persistence,0.1411392405063291,3,6,6,493,39,454,4,0.10256410256410256,0,0.0,5,0.026116479498563595,25.5,52.75,0.10256410256410256,0.07692307692307693,0.07692307692307693,B_3of6
B_persistence,0.14240506329113922,3,6,6,493,39,454,4,0.10256410256410256,0,0.0,5,0.026116479498563595,25.5,52.75,0.10256410256410256,0.07692307692307693,0.07692307692307693,B_3of6
B_persistence,0.14367088607594936,3,6,6,493,39,454,4,0.10256410256410256,0,0.0,5,0.026116479498563595,25.5,52.75,0.10256410256410256,0.07692307692307693,0.07692307692307693,B_3of6
B_persistence,0.1449367088607595,3,6,6,493,39,454,4,0.10256410256410256,0,0.0,5,0.026116479498563595,25.5,52.75,0.10256410256410256,0.07692307692307693,0.07692307692307693,B_3of6
B_persistence,0.14620253164556962,3,6,6,493,39,454,4,0.10256410256410256,0,0.0,5,0.026116479498563595,25.5,52.75,0.10256410256410256,0.07692307692307693,0.07692307692307693,B_3of6
B_persistence,0.14746835443037976,3,6,6,493,39,454,4,0.10256410256410256,0,0.0,5,0.026116479498563595,25.5,52.75,0.10256410256410256,0.07692307692307693,0.07692307692307693,B_3of6
B_persistence,0.14873417721518986,3,6,6,493,39,454,4,0.10256410256410256,0,0.0,5,0.026116479498563595,25.5,52.75,0.10256410256410256,0.07692307692307693,0.07692307692307693,B_3of6
B_persistence,0.15,3,6,6,493,39,454,4,0.10256410256410256,0,0.0,5,0.026116479498563595,25.5,52.75,0.10256410256410256,0.07692307692307693,0.07692307692307693,B_3of6
B_persistence,0.16206896551724137,3,6,6,493,39,454,4,0.10256410256410256,0,0.0,5,0.026116479498563595,25.5,52.75,0.10256410256410256,0.07692307692307693,0.07692307692307693,B_3of6
B_persistence,0.17413793103448275,3,6,6,493,39,454,4,0.10256410256410256,0,0.0,5,0.026116479498563595,25.5,52.5,0.10256410256410256,0.07692307692307693,0.07692307692307693,B_3of6
B_persistence,0.18620689655172412,3,6,6,493,39,454,4,0.10256410256410256,0,0.0,5,0.026116479498563595,25.5,52.5,0.10256410256410256,0.07692307692307693,0.07692307692307693,B_3of6
B_persistence,0.19827586206896552,3,6,6,493,39,454,4,0.10256410256410256,0,0.0,5,0.026116479498563595,25.5,52.5,0.10256410256410256,0.07692307692307693,0.07692307692307693,B_3of6
B_persistence,0.21034482758620687,3,6,6,493,39,454,4,0.10256410256410256,0,0.0,5,0.026116479498563595,25.5,52.5,0.10256410256410256,0.07692307692307693,0.07692307692307693,B_3of6
B_persistence,0.22241379310344828,3,6,6,493,39,454,4,0.10256410256410256,0,0.0,5,0.026116479498563595,25.5,52.5,0.10256410256410256,0.07692307692307693,0.07692307692307693,B_3of6
B_persistence,0.23448275862068965,3,6,6,493,39,454,4,0.10256410256410256,0,0.0,5,0.026116479498563595,25.5,52.5,0.10256410256410256,0.07692307692307693,0.07692307692307693,B_3of6
B_persistence,0.24655172413793103,3,6,6,493,39,454,4,0.10256410256410256,0,0.0,5,0.026116479498563595,25.5,52.5,0.10256410256410256,0.07692307692307693,0.07692307692307693,B_3of6
B_persistence,0.2586206896551724,3,6,6,493,39,454,2,0.05128205128205128,0,0.0,2,0.010446591799425437,76.0,76.0,0.05128205128205128,0.05128205128205128,0.05128205128205128,B_3of6
B_persistence,0.2706896551724138,3,6,6,493,39,454,2,0.05128205128205128,0,0.0,2,0.010446591799425437,76.0,76.0,0.05128205128205128,0.05128205128205128,0.05128205128205128,B_3of6
B_persistence,0.2827586206896552,3,6,6,493,39,454,2,0.05128205128205128,0,0.0,2,0.010446591799425437,76.0,76.0,0.05128205128205128,0.05128205128205128,0.05128205128205128,B_3of6
B_persistence,0.29482758620689653,3,6,6,493,39,454,2,0.05128205128205128,0,0.0,2,0.010446591799425437,76.0,76.0,0.05128205128205128,0.05128205128205128,0.05128205128205128,B_3of6
B_persistence,0.30689655172413793,3,6,6,493,39,454,2,0.05128205128205128,0,0.0,2,0.010446591799425437,76.0,76.0,0.05128205128205128,0.05128205128205128,0.05128205128205128,B_3of6
B_persistence,0.31896551724137934,3,6,6,493,39,454,2,0.05128205128205128,0,0.0,2,0.010446591799425437,76.0,76.0,0.05128205128205128,0.05128205128205128,0.05128205128205128,B_3of6
B_persistence,0.3310344827586207,3,6,6,493,39,454,2,0.05128205128205128,0,0.0,2,0.010446591799425437,76.0,76.0,0.05128205128205128,0.05128205128205128,0.05128205128205128,B_3of6
B_persistence,0.34310344827586203,3,6,6,493,39,454,2,0.05128205128205128,0,0.0,2,0.010446591799425437,76.0,76.0,0.05128205128205128,0.05128205128205128,0.05128205128205128,B_3of6
B_persistence,0.35517241379310344,3,6,6,493,39,454,2,0.05128205128205128,0,0.0,2,0.010446591799425437,76.0,76.0,0.05128205128205128,0.05128205128205128,0.05128205128205128,B_3of6
B_persistence,0.36724137931034484,3,6,6,493,39,454,2,0.05128205128205128,0,0.0,2,0.010446591799425437,76.0,76.0,0.05128205128205128,0.05128205128205128,0.05128205128205128,B_3of6
B_persistence,0.3793103448275862,3,6,6,493,39,454,2,0.05128205128205128,0,0.0,2,0.010446591799425437,76.0,76.0,0.05128205128205128,0.05128205128205128,0.05128205128205128,B_3of6
B_persistence,0.39137931034482754,3,6,6,493,39,454,2,0.05128205128205128,0,0.0,2,0.010446591799425437,76.0,76.0,0.05128205128205128,0.05128205128205128,0.05128205128205128,B_3of6
B_persistence,0.403448275862069,3,6,6,493,39,454,2,0.05128205128205128,0,0.0,2,0.010446591799425437,76.0,76.0,0.05128205128205128,0.05128205128205128,0.05128205128205128,B_3of6
B_persistence,0.41551724137931034,3,6,6,493,39,454,2,0.05128205128205128,0,0.0,2,0.010446591799425437,76.0,76.0,0.05128205128205128,0.05128205128205128,0.05128205128205128,B_3of6
B_persistence,0.4275862068965517,3,6,6,493,39,454,2,0.05128205128205128,0,0.0,2,0.010446591799425437,76.0,76.0,0.05128205128205128,0.05128205128205128,0.05128205128205128,B_3of6
B_persistence,0.43965517241379315,3,6,6,493,39,454,2,0.05128205128205128,0,0.0,2,0.010446591799425437,76.0,76.0,0.05128205128205128,0.05128205128205128,0.05128205128205128,B_3of6
B_persistence,0.4517241379310345,3,6,6,493,39,454,2,0.05128205128205128,0,0.0,2,0.010446591799425437,76.0,76.0,0.05128205128205128,0.05128205128205128,0.05128205128205128,B_3of6
B_persistence,0.46379310344827585,3,6,6,493,39,454,2,0.05128205128205128,0,0.0,2,0.010446591799425437,76.0,76.0,0.05128205128205128,0.05128205128205128,0.05128205128205128,B_3of6
B_persistence,0.4758620689655172,3,6,6,493,39,454,2,0.05128205128205128,0,0.0,2,0.010446591799425437,76.0,76.0,0.05128205128205128,0.05128205128205128,0.05128205128205128,B_3of6
B_persistence,0.48793103448275865,3,6,6,493,39,454,2,0.05128205128205128,0,0.0,2,0.010446591799425437,76.0,76.0,0.05128205128205128,0.05128205128205128,0.05128205128205128,B_3of6
B_persistence,0.5,3,6,6,493,39,454,2,0.05128205128205128,0,0.0,2,0.010446591799425437,76.0,76.0,0.05128205128205128,0.05128205128205128,0.05128205128205128,B_3of6
B_persistence,0.55,3,6,6,493,39,454,2,0.05128205128205128,0,0.0,2,0.010446591799425437,76.0,76.0,0.05128205128205128,0.05128205128205128,0.05128205128205128,B_3of6
B_persistence,0.6,3,6,6,493,39,454,2,0.05128205128205128,0,0.0,2,0.010446591799425437,76.0,76.0,0.05128205128205128,0.05128205128205128,0.05128205128205128,B_3of6
B_persistence,0.65,3,6,6,493,39,454,0,0.0,0,0.0,0,0.0,,,0.0,0.0,0.0,B_3of6
B_persistence,0.7,3,6,6,493,39,454,0,0.0,0,0.0,0,0.0,,,0.0,0.0,0.0,B_3of6
B_persistence,0.75,3,6,6,493,39,454,0,0.0,0,0.0,0,0.0,,,0.0,0.0,0.0,B_3of6
B_persistence,0.8,3,6,6,493,39,454,0,0.0,0,0.0,0,0.0,,,0.0,0.0,0.0,B_3of6
B_persistence,0.85,3,6,6,493,39,454,0,0.0,0,0.0,0,0.0,,,0.0,0.0,0.0,B_3of6
B_persistence,0.8999999999999999,3,6,6,493,39,454,0,0.0,0,0.0,0,0.0,,,0.0,0.0,0.0,B_3of6
B_persistence,0.95,3,6,6,493,39,454,0,0.0,0,0.0,0,0.0,,,0.0,0.0,0.0,B_3of6
